condition_id,policy,slowtrack_load_profile,frontend_profile,scenario_profile,turns,fasttrack_enabled,first_response_ready_ms_n,first_response_ready_ms_mean_ms,first_response_ready_ms_median_ms,first_response_ready_ms_p25_ms,first_response_ready_ms_p75_ms,first_response_ready_ms_p95_ms,first_response_ready_ms_min_ms,first_response_ready_ms_max_ms,first_response_ready_ms_p_lt_100ms,first_response_ready_ms_p_lt_500ms,first_response_ready_ms_p_gt_2000ms,fasttrack_ready_ms_n,fasttrack_ready_ms_mean_ms,fasttrack_ready_ms_median_ms,fasttrack_ready_ms_p25_ms,fasttrack_ready_ms_p75_ms,fasttrack_ready_ms_p95_ms,fasttrack_ready_ms_min_ms,fasttrack_ready_ms_max_ms,fasttrack_ready_ms_p_lt_100ms,fasttrack_ready_ms_p_lt_500ms,fasttrack_ready_ms_p_gt_2000ms,slowtrack_compute_ms_n,slowtrack_compute_ms_mean_ms,slowtrack_compute_ms_median_ms,slowtrack_compute_ms_p25_ms,slowtrack_compute_ms_p75_ms,slowtrack_compute_ms_p95_ms,slowtrack_compute_ms_min_ms,slowtrack_compute_ms_max_ms,slowtrack_compute_ms_p_lt_100ms,slowtrack_compute_ms_p_lt_500ms,slowtrack_compute_ms_p_gt_2000ms,full_answer_ready_ms_n,full_answer_ready_ms_mean_ms,full_answer_ready_ms_median_ms,full_answer_ready_ms_p25_ms,full_answer_ready_ms_p75_ms,full_answer_ready_ms_p95_ms,full_answer_ready_ms_min_ms,full_answer_ready_ms_max_ms,full_answer_ready_ms_p_lt_100ms,full_answer_ready_ms_p_lt_500ms,full_answer_ready_ms_p_gt_2000ms,hidden_latency_ms_n,hidden_latency_ms_mean_ms,hidden_latency_ms_median_ms,hidden_latency_ms_p25_ms,hidden_latency_ms_p75_ms,hidden_latency_ms_p95_ms,hidden_latency_ms_min_ms,hidden_latency_ms_max_ms,hidden_latency_ms_p_lt_100ms,hidden_latency_ms_p_lt_500ms,hidden_latency_ms_p_gt_2000ms,donation_readout_tts_ms_n,donation_readout_tts_ms_mean_ms,donation_readout_tts_ms_median_ms,donation_readout_tts_ms_p25_ms,donation_readout_tts_ms_p75_ms,donation_readout_tts_ms_p95_ms,donation_readout_tts_ms_min_ms,donation_readout_tts_ms_max_ms,donation_readout_tts_ms_p_lt_100ms,donation_readout_tts_ms_p_lt_500ms,donation_readout_tts_ms_p_gt_2000ms
c001_grounded_current_prompt_backend_ready_chat_only,grounded,current_prompt,backend_ready,chat_only,4000,1,4000,56.152,27.578,23.517,30.972,288.844,11.514,292.745,0.88575,1.0,0.0,4000,52.522,24.289,21.125,25.729,284.923,11.119,285.258,0.88575,1.0,0.0,4000,2448.178,2446.294,2350.669,2543.806,2682.013,1932.756,3002.089,0.0,0.0,0.99975,4000,2451.809,2450.482,2353.949,2547.417,2686.284,1934.539,3007.419,0.0,0.0,0.99975,4000,2395.656,2402.571,2291.444,2507.941,2650.957,1774.335,2976.816,0.0,0.0,0.9875,4000,0.0,0.0,0.0,0.0,0.0,0.0,0.0,1.0,1.0,0.0
c002_grounded_current_prompt_backend_ready_donation_mix,grounded,current_prompt,backend_ready,donation_mix,4000,1,4000,53.787,27.604,23.733,31.176,288.359,11.348,292.708,0.89575,1.0,0.0,4000,50.181,24.289,21.125,25.74,284.849,11.119,285.258,0.89575,1.0,0.0,4000,2447.183,2444.912,2351.398,2539.659,2684.253,2003.415,3037.334,0.0,0.0,1.0,4000,2450.788,2448.865,2354.949,2543.131,2686.413,2007.197,3038.851,0.0,0.0,1.0,4000,2397.002,2403.45,2296.553,2504.503,2654.794,1774.391,3011.753,0.0,0.0,0.98625,4000,204.284,0.0,0.0,477.696,533.738,0.0,533.738,0.55975,0.909,0.0
c003_grounded_current_prompt_local_browser_chat_only,grounded,current_prompt,local_browser,chat_only,4000,1,4000,103.689,76.128,63.711,91.76,337.702,33.103,374.118,0.826,1.0,0.0,4000,51.998,24.289,21.125,25.729,284.849,11.119,285.258,0.88825,1.0,0.0,4000,2450.745,2447.146,2351.228,2545.665,2685.152,1902.164,2931.34,0.0,0.0,0.99975,4000,2502.436,2501.2,2403.325,2598.314,2736.85,1949.097,3006.235,0.0,0.0,0.99975,4000,2398.748,2404.691,2296.842,2512.446,2656.099,1837.334,2907.517,0.0,0.0,0.98325,4000,0.0,0.0,0.0,0.0,0.0,0.0,0.0,1.0,1.0,0.0
c004_grounded_current_prompt_local_browser_donation_mix,grounded,current_prompt,local_browser,donation_mix,4000,1,4000,104.306,75.978,63.898,92.24,338.389,32.014,371.442,0.824,1.0,0.0,4000,52.597,24.289,21.027,25.729,284.923,11.119,285.258,0.8855,1.0,0.0,4000,2447.238,2442.672,2349.471,2539.599,2691.12,1993.281,2943.681,0.0,0.0,0.9995,4000,2498.947,2494.194,2399.183,2592.604,2744.643,2023.306,2984.242,0.0,0.0,1.0,4000,2394.641,2400.048,2291.103,2504.371,2661.214,1764.753,2919.727,0.0,0.0,0.98325,4000,210.299,0.0,0.0,477.696,533.738,0.0,533.738,0.54875,0.90575,0.0
c005_grounded_current_prompt_capture_stress_chat_only,grounded,current_prompt,capture_stress,chat_only,4000,1,4000,221.991,196.603,165.57,238.976,452.966,95.257,559.671,0.001,0.98275,0.0,4000,52.257,24.322,21.125,25.729,284.923,11.119,285.258,0.88725,1.0,0.0,4000,2449.727,2449.561,2351.263,2544.422,2685.206,1983.871,2943.965,0.0,0.0,0.9995,4000,2619.46,2618.184,2516.562,2720.334,2865.33,2118.061,3114.314,0.0,0.0,1.0,4000,2397.47,2403.783,2295.387,2510.713,2652.82,1783.656,2918.236,0.0,0.0,0.98525,4000,0.0,0.0,0.0,0.0,0.0,0.0,0.0,1.0,1.0,0.0
c006_grounded_current_prompt_capture_stress_donation_mix,grounded,current_prompt,capture_stress,donation_mix,4000,1,4000,222.723,196.142,166.183,239.296,459.429,93.853,557.088,0.0025,0.98375,0.0,4000,53.14,24.322,21.027,25.729,284.849,11.119,285.258,0.8835,1.0,0.0,4000,2454.014,2453.216,2358.984,2548.403,2686.509,1999.551,3009.675,0.0,0.0,0.99975,4000,2623.597,2623.742,2524.74,2719.897,2860.963,2129.121,3213.95,0.0,0.0,1.0,4000,2400.874,2408.32,2297.712,2512.74,2657.187,1787.812,2985.386,0.0,0.0,0.98725,4000,211.143,0.0,0.0,477.696,533.738,0.0,533.738,0.547,0.9035,0.0
c007_grounded_expanded_memory_backend_ready_chat_only,grounded,expanded_memory,backend_ready,chat_only,4000,1,4000,54.876,27.579,23.538,31.181,288.426,11.362,292.804,0.891,1.0,0.0,4000,51.252,24.289,21.125,25.729,284.923,11.119,285.258,0.891,1.0,0.0,4000,3448.336,3441.122,3300.708,3588.643,3797.184,2655.805,4186.7,0.0,0.0,1.0,4000,3451.959,3445.156,3305.32,3593.343,3802.437,2661.075,4188.53,0.0,0.0,1.0,4000,3397.083,3395.215,3248.18,3549.471,3762.437,2370.762,4175.292,0.0,0.0,1.0,4000,0.0,0.0,0.0,0.0,0.0,0.0,0.0,1.0,1.0,0.0
c008_grounded_expanded_memory_backend_ready_donation_mix,grounded,expanded_memory,backend_ready,donation_mix,4000,1,4000,55.098,27.623,23.629,31.334,288.584,11.615,292.82,0.89075,1.0,0.0,4000,51.409,24.262,21.027,25.775,284.849,11.119,285.258,0.89075,1.0,0.0,4000,3446.82,3442.468,3301.292,3589.323,3794.718,2801.931,4311.245,0.0,0.0,1.0,4000,3450.509,3446.662,3305.437,3593.039,3797.875,2806.012,4312.07,0.0,0.0,1.0,4000,3395.411,3395.26,3245.379,3550.079,3762.655,2575.925,4286.103,0.0,0.0,1.0,4000,199.488,0.0,0.0,477.696,533.738,0.0,533.738,0.56975,0.919,0.0
c009_grounded_expanded_memory_local_browser_chat_only,grounded,expanded_memory,local_browser,chat_only,4000,1,4000,101.965,75.395,63.384,91.13,335.505,31.72,371.749,0.834,1.0,0.0,4000,50.598,24.289,21.283,25.729,284.849,11.119,285.258,0.894,1.0,0.0,4000,3442.303,3438.441,3303.942,3583.737,3776.511,2776.984,4277.442,0.0,0.0,1.0,4000,3493.67,3490.537,3351.699,3634.678,3829.802,2815.733,4349.914,0.0,0.0,1.0,4000,3391.706,3393.42,3243.845,3541.681,3746.625,2655.592,4264.669,0.0,0.0,1.0,4000,0.0,0.0,0.0,0.0,0.0,0.0,0.0,1.0,1.0,0.0
c010_grounded_expanded_memory_local_browser_donation_mix,grounded,expanded_memory,local_browser,donation_mix,4000,1,4000,101.136,76.038,63.908,91.143,334.208,32.778,374.163,0.836,1.0,0.0,4000,49.526,24.289,21.125,25.655,284.849,11.119,285.258,0.89775,1.0,0.0,4000,3446.957,3443.498,3306.925,3583.832,3791.497,2669.494,4245.758,0.0,0.0,1.0,4000,3498.566,3494.76,3359.003,3636.415,3847.186,2719.471,4291.505,0.0,0.0,1.0,4000,3397.431,3398.559,3256.283,3545.392,3756.948,2657.742,4222.163,0.0,0.0,1.0,4000,209.258,0.0,0.0,477.696,533.738,0.0,533.738,0.55125,0.90475,0.0
c011_grounded_expanded_memory_capture_stress_chat_only,grounded,expanded_memory,capture_stress,chat_only,4000,1,4000,222.431,196.74,165.566,240.575,456.533,96.907,553.535,0.001,0.98175,0.0,4000,52.309,24.289,21.125,25.729,284.849,11.119,285.258,0.887,1.0,0.0,4000,3449.284,3442.064,3311.36,3581.004,3786.932,2754.712,4298.295,0.0,0.0,1.0,4000,3619.405,3612.16,3481.167,3754.506,3967.549,2903.868,4417.452,0.0,0.0,1.0,4000,3396.974,3398.043,3251.69,3541.782,3755.166,2574.15,4274.733,0.0,0.0,1.0,4000,0.0,0.0,0.0,0.0,0.0,0.0,0.0,1.0,1.0,0.0
c012_grounded_expanded_memory_capture_stress_donation_mix,grounded,expanded_memory,capture_stress,donation_mix,4000,1,4000,222.058,197.853,164.847,240.81,457.111,93.943,559.085,0.00075,0.98625,0.0,4000,51.921,24.289,21.125,25.729,284.923,11.119,285.258,0.8885,1.0,0.0,4000,3443.139,3440.148,3302.189,3583.207,3782.794,2736.622,4151.169,0.0,0.0,1.0,4000,3613.277,3611.891,3470.296,3753.854,3962.946,2941.05,4350.824,0.0,0.0,1.0,4000,3391.219,3393.702,3245.086,3540.345,3750.86,2531.428,4086.462,0.0,0.0,1.0,4000,209.983,0.0,0.0,477.696,533.738,0.0,533.738,0.548,0.9105,0.0
c013_grounded_heavy_context_backend_ready_chat_only,grounded,heavy_context,backend_ready,chat_only,4000,1,4000,55.326,27.761,24.107,31.207,288.467,11.438,293.04,0.89,1.0,0.0,4000,51.633,24.322,21.125,25.729,284.923,11.119,285.258,0.89,1.0,0.0,4000,4795.856,4788.406,4592.867,4996.581,5287.718,3906.527,5892.535,0.0,0.0,1.0,4000,4799.549,4792.236,4596.965,5000.695,5290.544,3909.099,5894.832,0.0,0.0,1.0,4000,4744.223,4740.138,4536.074,4952.24,5248.71,3701.296,5866.806,0.0,0.0,1.0,4000,0.0,0.0,0.0,0.0,0.0,0.0,0.0,1.0,1.0,0.0
c014_grounded_heavy_context_backend_ready_donation_mix,grounded,heavy_context,backend_ready,donation_mix,4000,1,4000,54.255,27.574,23.767,30.935,288.515,11.332,292.712,0.89325,1.0,0.0,4000,50.599,24.262,21.125,25.729,284.849,11.119,285.258,0.89325,1.0,0.0,4000,4790.511,4787.827,4594.238,4987.486,5269.78,3946.082,5921.712,0.0,0.0,1.0,4000,4794.167,4791.77,4598.207,4990.261,5274.112,3947.404,5925.691,0.0,0.0,1.0,4000,4739.912,4741.894,4531.447,4944.186,5228.444,3730.459,5899.87,0.0,0.0,1.0,4000,207.157,0.0,0.0,477.696,533.738,0.0,533.738,0.5545,0.91425,0.0
c015_grounded_heavy_context_local_browser_chat_only,grounded,heavy_context,local_browser,chat_only,4000,1,4000,103.286,75.978,63.844,92.146,337.775,34.287,372.176,0.8215,1.0,0.0,4000,51.554,24.262,21.125,25.729,284.923,11.119,285.258,0.89025,1.0,0.0,4000,4791.79,4784.957,4591.899,4990.83,5283.279,3765.351,5744.915,0.0,0.0,1.0,4000,4843.521,4837.37,4641.557,5043.146,5334.541,3824.049,5790.131,0.0,0.0,1.0,4000,4740.235,4732.882,4536.882,4951.177,5239.867,3499.202,5635.616,0.0,0.0,1.0,4000,0.0,0.0,0.0,0.0,0.0,0.0,0.0,1.0,1.0,0.0
c016_grounded_heavy_context_local_browser_donation_mix,grounded,heavy_context,local_browser,donation_mix,4000,1,4000,103.707,76.541,64.15,92.082,335.673,33.702,371.824,0.82675,1.0,0.0,4000,51.907,24.289,21.027,25.775,284.849,11.119,285.258,0.88875,1.0,0.0,4000,4795.424,4786.655,4587.008,4995.773,5294.372,3937.069,6016.044,0.0,0.0,1.0,4000,4847.223,4837.631,4636.899,5049.256,5348.79,3984.812,6042.475,0.0,0.0,1.0,4000,4743.516,4739.028,4526.646,4953.961,5260.756,3806.042,5731.503,0.0,0.0,1.0,4000,200.872,0.0,0.0,477.696,533.738,0.0,533.738,0.568,0.914,0.0
c017_grounded_heavy_context_capture_stress_chat_only,grounded,heavy_context,capture_stress,chat_only,4000,1,4000,221.84,196.184,164.464,239.553,455.633,92.93,557.045,0.001,0.9825,0.0,4000,52.793,24.262,21.125,25.775,284.923,11.119,285.258,0.8855,1.0,0.0,4000,4801.4,4794.49,4598.953,4998.978,5279.887,3847.403,5927.893,0.0,0.0,1.0,4000,4970.447,4961.979,4765.053,5170.68,5452.229,4043.637,6163.675,0.0,0.0,1.0,4000,4748.607,4741.712,4546.497,4952.959,5243.8,3813.769,5915.24,0.0,0.0,1.0,4000,0.0,0.0,0.0,0.0,0.0,0.0,0.0,1.0,1.0,0.0
c018_grounded_heavy_context_capture_stress_donation_mix,grounded,heavy_context,capture_stress,donation_mix,4000,1,4000,223.453,198.09,165.66,241.083,455.927,95.441,562.378,0.001,0.9845,0.0,4000,53.548,24.322,21.125,25.729,284.923,11.119,285.258,0.88225,1.0,0.0,4000,4796.988,4796.255,4594.287,4995.552,5278.836,3716.505,5934.854,0.0,0.0,1.0,4000,4966.893,4967.458,4763.466,5163.358,5452.86,3891.506,6120.788,0.0,0.0,1.0,4000,4743.44,4740.867,4539.256,4951.491,5241.135,3584.499,5911.259,0.0,0.0,1.0,4000,212.402,0.0,0.0,477.696,533.738,0.0,533.738,0.54425,0.90625,0.0
c019_grounded_stress_context_backend_ready_chat_only,grounded,stress_context,backend_ready,chat_only,4000,1,4000,55.665,27.698,23.906,31.229,288.69,11.291,292.775,0.8885,1.0,0.0,4000,51.971,24.322,21.125,25.729,284.923,11.119,285.258,0.8885,1.0,0.0,4000,6437.625,6423.411,6165.956,6705.735,7114.057,5109.034,7871.646,0.0,0.0,1.0,4000,6441.319,6427.209,6169.647,6708.692,7117.613,5112.186,7873.681,0.0,0.0,1.0,4000,6385.654,6381.055,6107.342,6658.034,7067.074,4824.335,7695.76,0.0,0.0,1.0,4000,0.0,0.0,0.0,0.0,0.0,0.0,0.0,1.0,1.0,0.0
c020_grounded_stress_context_backend_ready_donation_mix,grounded,stress_context,backend_ready,donation_mix,4000,1,4000,55.372,27.721,23.717,31.495,288.205,11.495,292.91,0.88975,1.0,0.0,4000,51.735,24.322,21.125,25.775,284.923,11.119,285.258,0.88975,1.0,0.0,4000,6443.143,6438.969,6160.455,6717.459,7128.951,5241.989,7820.69,0.0,0.0,1.0,4000,6446.779,6442.265,6164.333,6721.381,7132.191,5245.312,7821.741,0.0,0.0,1.0,4000,6391.408,6387.814,6110.523,6674.367,7093.036,5051.012,7750.407,0.0,0.0,1.0,4000,206.653,0.0,0.0,477.696,533.738,0.0,533.738,0.55675,0.91025,0.0
c021_grounded_stress_context_local_browser_chat_only,grounded,stress_context,local_browser,chat_only,4000,1,4000,104.11,76.484,64.166,92.277,336.898,31.873,370.999,0.8235,1.0,0.0,4000,52.251,24.262,21.125,25.729,284.923,11.119,285.258,0.887,1.0,0.0,4000,6434.167,6426.644,6159.145,6703.458,7127.631,4997.326,7986.62,0.0,0.0,1.0,4000,6486.026,6477.507,6211.284,6755.935,7180.484,5058.439,8064.385,0.0,0.0,1.0,4000,6381.916,6377.194,6098.894,6657.839,7084.785,4972.87,7964.993,0.0,0.0,1.0,4000,0.0,0.0,0.0,0.0,0.0,0.0,0.0,1.0,1.0,0.0
c022_grounded_stress_context_local_browser_donation_mix,grounded,stress_context,local_browser,donation_mix,4000,1,4000,103.848,76.582,64.394,92.145,337.402,34.609,371.542,0.8245,1.0,0.0,4000,52.046,24.289,21.125,25.729,284.923,11.119,285.258,0.8885,1.0,0.0,4000,6437.083,6431.554,6166.72,6698.325,7089.217,4814.574,7851.852,0.0,0.0,1.0,4000,6488.885,6480.605,6220.08,6753.305,7142.053,4871.016,7902.481,0.0,0.0,1.0,4000,6385.037,6379.697,6108.002,6655.166,7057.059,4793.58,7840.294,0.0,0.0,1.0,4000,204.807,0.0,0.0,477.696,533.738,0.0,533.738,0.56025,0.912,0.0
c023_grounded_stress_context_capture_stress_chat_only,grounded,stress_context,capture_stress,chat_only,4000,1,4000,221.713,195.023,164.512,237.717,462.179,98.029,563.302,0.001,0.9795,0.0,4000,52.115,24.289,21.283,25.775,284.849,11.119,285.258,0.88825,1.0,0.0,4000,6441.107,6428.945,6166.802,6711.486,7113.362,5220.133,7993.716,0.0,0.0,1.0,4000,6610.704,6595.356,6336.728,6885.421,7296.339,5362.44,8227.798,0.0,0.0,1.0,4000,6388.992,6381.095,6107.579,6661.279,7078.55,4935.592,7968.061,0.0,0.0,1.0,4000,0.0,0.0,0.0,0.0,0.0,0.0,0.0,1.0,1.0,0.0
c024_grounded_stress_context_capture_stress_donation_mix,grounded,stress_context,capture_stress,donation_mix,4000,1,4000,219.648,195.422,164.751,237.552,453.255,96.418,562.148,0.00075,0.9815,0.0,4000,49.865,24.289,21.125,25.729,284.849,11.119,285.258,0.89625,1.0,0.0,4000,6435.262,6422.773,6158.801,6709.664,7122.846,5152.46,7925.518,0.0,0.0,1.0,4000,6605.045,6593.093,6326.848,6882.54,7294.189,5295.729,8106.538,0.0,0.0,1.0,4000,6385.397,6379.289,6106.501,6666.178,7082.586,4986.682,7887.428,0.0,0.0,1.0,4000,204.68,0.0,0.0,477.696,533.738,0.0,533.738,0.55875,0.914,0.0
c025_emotion_only_current_prompt_backend_ready_chat_only,emotion_only,current_prompt,backend_ready,chat_only,4000,1,4000,18.804,18.736,17.448,20.061,22.044,14.14,24.784,1.0,1.0,0.0,4000,15.159,15.031,14.373,15.853,16.927,13.726,17.192,1.0,1.0,0.0,4000,2302.473,2305.238,2207.451,2399.377,2533.733,1806.881,2802.032,0.0,0.0,0.97925,4000,2306.119,2308.882,2211.265,2402.73,2538.016,1807.533,2805.015,0.0,0.0,0.9805,4000,2287.315,2290.221,2191.875,2384.096,2517.629,1792.748,2788.027,0.0,0.0,0.9745,4000,0.0,0.0,0.0,0.0,0.0,0.0,0.0,1.0,1.0,0.0
c026_emotion_only_current_prompt_backend_ready_donation_mix,emotion_only,current_prompt,backend_ready,donation_mix,4000,1,4000,18.907,18.835,17.502,20.261,22.273,14.086,24.789,1.0,1.0,0.0,4000,15.193,15.055,14.421,15.853,16.927,13.726,17.192,1.0,1.0,0.0,4000,2300.648,2304.82,2207.557,2399.203,2528.455,1820.711,2757.577,0.0,0.0,0.978,4000,2304.361,2308.535,2211.75,2402.853,2531.603,1824.93,2761.053,0.0,0.0,0.978,4000,2285.455,2289.678,2192.409,2384.156,2513.517,1804.425,2741.57,0.0,0.0,0.9735,4000,217.511,0.0,0.0,446.238,558.604,0.0,558.604,0.551,0.78075,0.0
c027_emotion_only_current_prompt_local_browser_chat_only,emotion_only,current_prompt,local_browser,chat_only,4000,1,4000,66.854,65.512,55.978,77.501,92.804,34.95,104.676,0.99,1.0,0.0,4000,15.18,15.031,14.373,15.853,16.927,13.726,17.192,1.0,1.0,0.0,4000,2302.41,2306.729,2209.392,2401.205,2533.192,1753.119,2809.74,0.0,0.0,0.97725,4000,2354.084,2356.999,2259.061,2453.979,2588.304,1829.563,2876.118,0.0,0.0,0.98925,4000,2287.23,2291.902,2193.522,2386.419,2517.729,1737.531,2793.151,0.0,0.0,0.9725,4000,0.0,0.0,0.0,0.0,0.0,0.0,0.0,1.0,1.0,0.0
c028_emotion_only_current_prompt_local_browser_donation_mix,emotion_only,current_prompt,local_browser,donation_mix,4000,1,4000,67.03,65.656,56.293,76.782,93.153,34.936,104.456,0.98975,1.0,0.0,4000,15.167,15.031,14.373,15.853,16.927,13.726,17.192,1.0,1.0,0.0,4000,2302.352,2306.008,2209.05,2398.879,2527.471,1773.033,2890.627,0.0,0.0,0.98,4000,2354.216,2357.966,2259.648,2451.962,2582.784,1815.741,2924.472,0.0,0.0,0.9925,4000,2287.186,2290.807,2194.015,2383.525,2512.919,1758.739,2875.749,0.0,0.0,0.97425,4000,214.403,0.0,0.0,446.238,558.604,0.0,558.604,0.5595,0.773,0.0
c029_emotion_only_current_prompt_capture_stress_chat_only,emotion_only,current_prompt,capture_stress,chat_only,4000,1,4000,184.959,181.387,153.184,215.198,259.44,95.815,292.507,0.00175,1.0,0.0,4000,15.212,15.055,14.421,16.007,16.927,13.726,17.192,1.0,1.0,0.0,4000,2301.524,2303.043,2209.954,2394.03,2531.029,1796.309,2784.143,0.0,0.0,0.98225,4000,2471.271,2474.7,2377.387,2568.62,2703.745,1956.091,3049.955,0.0,0.0,0.99875,4000,2286.312,2287.78,2195.032,2378.846,2515.161,1782.082,2769.849,0.0,0.0,0.975,4000,0.0,0.0,0.0,0.0,0.0,0.0,0.0,1.0,1.0,0.0
c030_emotion_only_current_prompt_capture_stress_donation_mix,emotion_only,current_prompt,capture_stress,donation_mix,4000,1,4000,185.325,180.702,154.962,214.873,260.49,96.947,292.56,0.001,1.0,0.0,4000,15.218,15.055,14.373,16.109,16.927,13.726,17.192,1.0,1.0,0.0,4000,2299.069,2301.658,2207.042,2392.208,2530.172,1804.519,2762.385,0.0,0.0,0.9735,4000,2469.176,2469.485,2375.404,2568.284,2708.035,1934.254,2948.054,0.0,0.0,0.999,4000,2283.852,2286.472,2192.228,2377.107,2515.87,1789.743,2745.796,0.0,0.0,0.96975,4000,219.706,0.0,0.0,446.238,558.604,0.0,558.604,0.546,0.78025,0.0
c031_emotion_only_expanded_memory_backend_ready_chat_only,emotion_only,expanded_memory,backend_ready,chat_only,4000,1,4000,18.846,18.78,17.455,20.177,22.049,13.909,25.065,1.0,1.0,0.0,4000,15.162,15.031,14.321,15.853,16.927,13.726,17.192,1.0,1.0,0.0,4000,3272.508,3283.528,3141.101,3411.12,3598.162,2549.271,3993.401,0.0,0.0,1.0,4000,3276.192,3287.079,3145.415,3415.242,3601.434,2551.8,3996.709,0.0,0.0,1.0,4000,3257.347,3267.967,3125.957,3396.01,3582.924,2535.545,3979.675,0.0,0.0,1.0,4000,0.0,0.0,0.0,0.0,0.0,0.0,0.0,1.0,1.0,0.0
c032_emotion_only_expanded_memory_backend_ready_donation_mix,emotion_only,expanded_memory,backend_ready,donation_mix,4000,1,4000,18.864,18.755,17.407,20.211,22.23,14.135,25.011,1.0,1.0,0.0,4000,15.174,15.031,14.373,15.853,16.927,13.726,17.192,1.0,1.0,0.0,4000,3270.313,3279.201,3136.439,3412.186,3601.355,2537.076,4054.9,0.0,0.0,1.0,4000,3274.002,3283.228,3140.39,3415.842,3605.207,2540.045,4059.802,0.0,0.0,1.0,4000,3255.139,3264.157,3121.406,3397.195,3586.734,2522.883,4039.869,0.0,0.0,1.0,4000,218.786,0.0,0.0,446.238,558.604,0.0,558.604,0.549,0.7715,0.0
c033_emotion_only_expanded_memory_local_browser_chat_only,emotion_only,expanded_memory,local_browser,chat_only,4000,1,4000,66.636,65.275,56.206,76.637,92.266,34.956,106.03,0.99175,1.0,0.0,4000,15.194,15.055,14.373,15.853,16.927,13.726,17.192,1.0,1.0,0.0,4000,3271.811,3277.579,3133.578,3409.828,3612.109,2633.575,3960.156,0.0,0.0,1.0,4000,3323.252,3330.104,3185.349,3462.237,3664.273,2670.968,3993.941,0.0,0.0,1.0,4000,3256.617,3262.044,3118.676,3394.419,3596.729,2618.984,3946.328,0.0,0.0,1.0,4000,0.0,0.0,0.0,0.0,0.0,0.0,0.0,1.0,1.0,0.0
c034_emotion_only_expanded_memory_local_browser_donation_mix,emotion_only,expanded_memory,local_browser,donation_mix,4000,1,4000,66.628,65.067,55.976,76.767,92.303,35.233,104.686,0.99075,1.0,0.0,4000,15.147,14.97,14.321,15.853,16.927,13.726,17.192,1.0,1.0,0.0,4000,3269.624,3277.149,3136.258,3412.376,3597.39,2521.978,4139.291,0.0,0.0,1.0,4000,3321.105,3328.72,3186.8,3466.048,3647.737,2584.951,4188.454,0.0,0.0,1.0,4000,3254.477,3262.296,3120.856,3397.204,3581.925,2508.252,4124.97,0.0,0.0,1.0,4000,221.985,0.0,0.0,446.238,558.604,0.0,558.604,0.5435,0.7725,0.0
c035_emotion_only_expanded_memory_capture_stress_chat_only,emotion_only,expanded_memory,capture_stress,chat_only,4000,1,4000,186.135,182.514,155.12,215.376,260.12,94.836,294.512,0.002,1.0,0.0,4000,15.189,15.031,14.421,16.007,16.927,13.726,17.192,1.0,1.0,0.0,4000,3274.028,3279.506,3140.81,3417.632,3598.511,2548.654,3934.514,0.0,0.0,1.0,4000,3444.974,3452.78,3310.17,3590.153,3779.062,2700.45,4123.08,0.0,0.0,1.0,4000,3258.839,3264.436,3125.59,3402.777,3583.508,2533.745,3919.953,0.0,0.0,1.0,4000,0.0,0.0,0.0,0.0,0.0,0.0,0.0,1.0,1.0,0.0
c036_emotion_only_expanded_memory_capture_stress_donation_mix,emotion_only,expanded_memory,capture_stress,donation_mix,4000,1,4000,185.941,181.168,156.031,215.189,257.573,95.933,293.218,0.001,1.0,0.0,4000,15.167,15.031,14.373,15.853,16.927,13.726,17.192,1.0,1.0,0.0,4000,3272.903,3280.552,3138.28,3416.124,3602.809,2539.49,3966.45,0.0,0.0,1.0,4000,3443.677,3452.635,3306.066,3587.954,3784.767,2674.915,4159.454,0.0,0.0,1.0,4000,3257.736,3264.865,3122.365,3400.849,3587.502,2524.941,3950.835,0.0,0.0,1.0,4000,214.794,0.0,0.0,446.238,558.604,0.0,558.604,0.557,0.77925,0.0
c037_emotion_only_heavy_context_backend_ready_chat_only,emotion_only,heavy_context,backend_ready,chat_only,4000,1,4000,18.84,18.723,17.452,20.169,22.209,14.014,24.964,1.0,1.0,0.0,4000,15.184,15.031,14.373,16.007,16.927,13.726,17.192,1.0,1.0,0.0,4000,4582.373,4599.753,4389.492,4785.296,5061.547,3545.408,5698.865,0.0,0.0,1.0,4000,4586.029,4603.457,4392.727,4789.041,5064.477,3547.552,5704.259,0.0,0.0,1.0,4000,4567.189,4584.834,4374.431,4769.646,5045.12,3528.216,5684.571,0.0,0.0,1.0,4000,0.0,0.0,0.0,0.0,0.0,0.0,0.0,1.0,1.0,0.0
c038_emotion_only_heavy_context_backend_ready_donation_mix,emotion_only,heavy_context,backend_ready,donation_mix,4000,1,4000,18.819,18.7,17.402,20.123,22.141,14.177,24.635,1.0,1.0,0.0,4000,15.179,15.031,14.373,15.853,16.927,13.726,17.192,1.0,1.0,0.0,4000,4572.768,4597.115,4375.083,4784.421,5038.942,3561.028,5487.391,0.0,0.0,1.0,4000,4576.409,4601.146,4379.44,4788.23,5043.381,3565.841,5491.559,0.0,0.0,1.0,4000,4557.59,4582.428,4360.1,4769.325,5024.124,3547.174,5472.83,0.0,0.0,1.0,4000,219.887,0.0,0.0,446.238,558.604,0.0,558.604,0.5475,0.7725,0.0
c039_emotion_only_heavy_context_local_browser_chat_only,emotion_only,heavy_context,local_browser,chat_only,4000,1,4000,66.608,65.242,56.094,76.595,92.317,34.827,104.843,0.98975,1.0,0.0,4000,15.162,15.031,14.373,15.853,16.927,13.726,17.192,1.0,1.0,0.0,4000,4578.91,4593.234,4383.081,4780.611,5069.858,3600.459,5610.561,0.0,0.0,1.0,4000,4630.356,4644.214,4435.245,4832.15,5118.436,3638.43,5691.821,0.0,0.0,1.0,4000,4563.748,4578.226,4368.036,4765.875,5055.251,3585.311,5594.452,0.0,0.0,1.0,4000,0.0,0.0,0.0,0.0,0.0,0.0,0.0,1.0,1.0,0.0
c040_emotion_only_heavy_context_local_browser_donation_mix,emotion_only,heavy_context,local_browser,donation_mix,4000,1,4000,67.031,65.528,56.235,77.19,92.776,36.456,105.318,0.992,1.0,0.0,4000,15.182,15.055,14.421,16.007,16.927,13.726,17.192,1.0,1.0,0.0,4000,4577.258,4590.275,4382.916,4785.246,5062.53,3572.917,5607.509,0.0,0.0,1.0,4000,4629.107,4644.735,4434.022,4837.127,5115.471,3606.902,5680.482,0.0,0.0,1.0,4000,4562.075,4575.189,4368.532,4770.024,5047.329,3558.358,5590.327,0.0,0.0,1.0,4000,219.362,0.0,0.0,446.238,558.604,0.0,558.604,0.5475,0.77775,0.0
c041_emotion_only_heavy_context_capture_stress_chat_only,emotion_only,heavy_context,capture_stress,chat_only,4000,1,4000,184.871,180.568,154.202,214.015,259.415,97.386,295.968,0.0015,1.0,0.0,4000,15.161,15.031,14.373,15.853,16.927,13.726,17.192,1.0,1.0,0.0,4000,4586.54,4605.816,4388.578,4790.692,5069.024,3540.647,5575.253,0.0,0.0,1.0,4000,4756.249,4778.668,4550.434,4961.46,5248.609,3714.136,5836.595,0.0,0.0,1.0,4000,4571.378,4591.007,4372.064,4775.512,5053.885,3524.804,5560.88,0.0,0.0,1.0,4000,0.0,0.0,0.0,0.0,0.0,0.0,0.0,1.0,1.0,0.0
c042_emotion_only_heavy_context_capture_stress_donation_mix,emotion_only,heavy_context,capture_stress,donation_mix,4000,1,4000,184.413,180.149,152.993,214.063,257.548,96.292,294.215,0.00175,1.0,0.0,4000,15.15,15.031,14.373,15.853,16.927,13.726,17.192,1.0,1.0,0.0,4000,4579.522,4590.932,4384.918,4784.573,5064.189,3524.111,5665.924,0.0,0.0,1.0,4000,4748.784,4759.685,4552.021,4957.078,5242.341,3699.175,5853.743,0.0,0.0,1.0,4000,4564.372,4575.228,4369.394,4769.312,5048.29,3509.056,5650.336,0.0,0.0,1.0,4000,209.936,0.0,0.0,446.238,558.604,0.0,558.604,0.56825,0.78125,0.0
c043_emotion_only_stress_context_backend_ready_chat_only,emotion_only,stress_context,backend_ready,chat_only,4000,1,4000,18.876,18.775,17.491,20.193,22.178,14.03,24.83,1.0,1.0,0.0,4000,15.166,15.031,14.421,15.853,16.927,13.726,17.192,1.0,1.0,0.0,4000,6181.348,6196.886,5914.283,6467.451,6861.246,4722.043,7529.391,0.0,0.0,1.0,4000,6185.058,6201.458,5917.579,6471.992,6865.384,4727.879,7531.645,0.0,0.0,1.0,4000,6166.183,6182.306,5899.651,6452.059,6846.902,4706.036,7515.537,0.0,0.0,1.0,4000,0.0,0.0,0.0,0.0,0.0,0.0,0.0,1.0,1.0,0.0
c044_emotion_only_stress_context_backend_ready_donation_mix,emotion_only,stress_context,backend_ready,donation_mix,4000,1,4000,18.851,18.764,17.444,20.175,22.149,14.171,24.493,1.0,1.0,0.0,4000,15.151,14.909,14.373,15.853,16.927,13.726,17.192,1.0,1.0,0.0,4000,6197.816,6223.966,5929.587,6488.333,6858.482,4675.446,7728.695,0.0,0.0,1.0,4000,6201.517,6227.963,5932.558,6491.408,6864.042,4681.247,7731.632,0.0,0.0,1.0,4000,6182.665,6208.422,5914.529,6472.647,6844.03,4660.887,7711.983,0.0,0.0,1.0,4000,216.345,0.0,0.0,446.238,558.604,0.0,558.604,0.5525,0.78425,0.0
c045_emotion_only_stress_context_local_browser_chat_only,emotion_only,stress_context,local_browser,chat_only,4000,1,4000,66.613,65.399,55.767,76.955,92.518,35.553,105.897,0.9895,1.0,0.0,4000,15.22,15.058,14.421,16.109,16.927,13.726,17.192,1.0,1.0,0.0,4000,6183.672,6205.74,5917.863,6482.818,6850.583,4742.915,7593.46,0.0,0.0,1.0,4000,6235.065,6257.903,5971.122,6531.181,6900.429,4791.485,7645.016,0.0,0.0,1.0,4000,6168.452,6190.892,5902.31,6467.749,6834.428,4729.087,7578.174,0.0,0.0,1.0,4000,0.0,0.0,0.0,0.0,0.0,0.0,0.0,1.0,1.0,0.0
c046_emotion_only_stress_context_local_browser_donation_mix,emotion_only,stress_context,local_browser,donation_mix,4000,1,4000,67.189,65.584,56.307,77.926,92.764,35.383,106.099,0.9915,1.0,0.0,4000,15.187,15.031,14.421,15.853,16.927,13.726,17.192,1.0,1.0,0.0,4000,6185.629,6205.956,5915.396,6470.791,6844.44,4580.761,7810.257,0.0,0.0,1.0,4000,6237.632,6260.081,5969.419,6521.364,6895.465,4619.907,7852.863,0.0,0.0,1.0,4000,6170.442,6190.666,5900.478,6455.594,6829.368,4564.049,7795.379,0.0,0.0,1.0,4000,218.629,0.0,0.0,446.238,558.604,0.0,558.604,0.5495,0.773,0.0
c047_emotion_only_stress_context_capture_stress_chat_only,emotion_only,stress_context,capture_stress,chat_only,4000,1,4000,185.01,179.69,153.513,216.047,259.437,97.416,293.521,0.00075,1.0,0.0,4000,15.208,15.055,14.421,16.007,16.954,13.726,17.192,1.0,1.0,0.0,4000,6199.028,6218.845,5930.986,6496.473,6855.646,4499.517,7605.304,0.0,0.0,1.0,4000,6368.831,6390.073,6099.203,6665.397,7031.505,4595.124,7767.309,0.0,0.0,1.0,4000,6183.82,6203.536,5916.044,6481.82,6840.502,4485.791,7591.445,0.0,0.0,1.0,4000,0.0,0.0,0.0,0.0,0.0,0.0,0.0,1.0,1.0,0.0
c048_emotion_only_stress_context_capture_stress_donation_mix,emotion_only,stress_context,capture_stress,donation_mix,4000,1,4000,184.946,181.364,154.382,213.364,258.564,95.053,292.288,0.002,1.0,0.0,4000,15.19,15.055,14.421,15.853,16.927,13.726,17.192,1.0,1.0,0.0,4000,6195.172,6214.276,5926.235,6482.045,6868.711,4714.987,7843.723,0.0,0.0,1.0,4000,6364.928,6382.523,6089.961,6655.095,7033.944,4909.336,8120.667,0.0,0.0,1.0,4000,6179.983,6198.412,5910.998,6466.202,6852.834,4701.159,7829.997,0.0,0.0,1.0,4000,213.716,0.0,0.0,446.238,558.604,0.0,558.604,0.5575,0.78975,0.0
c049_response_act_only_current_prompt_backend_ready_chat_only,response_act_only,current_prompt,backend_ready,chat_only,4000,1,4000,16.076,15.552,13.504,18.083,22.885,8.217,26.825,1.0,1.0,0.0,4000,12.427,11.995,9.891,14.109,18.931,7.753,20.062,1.0,1.0,0.0,4000,2204.937,2211.402,2079.669,2335.583,2489.076,1610.996,2771.577,0.0,0.0,0.8605,4000,2208.586,2215.335,2083.422,2339.762,2492.729,1615.124,2774.445,0.0,0.0,0.8635,4000,2192.51,2198.985,2067.716,2322.953,2476.535,1599.081,2760.145,0.0,0.0,0.8435,4000,0.0,0.0,0.0,0.0,0.0,0.0,0.0,1.0,1.0,0.0
c050_response_act_only_current_prompt_backend_ready_donation_mix,response_act_only,current_prompt,backend_ready,donation_mix,4000,1,4000,16.042,15.527,13.458,18.112,23.003,8.448,26.569,1.0,1.0,0.0,4000,12.364,11.915,9.857,14.109,19.011,7.753,20.062,1.0,1.0,0.0,4000,2202.961,2211.387,2079.019,2328.823,2480.69,1664.617,2714.126,0.0,0.0,0.86325,4000,2206.638,2215.807,2082.841,2332.28,2486.087,1669.133,2719.877,0.0,0.0,0.8715,4000,2190.597,2198.556,2065.777,2316.642,2467.874,1652.424,2702.751,0.0,0.0,0.84975,4000,212.667,0.0,0.0,460.559,604.099,0.0,604.099,0.55275,0.91475,0.0
c051_response_act_only_current_prompt_local_browser_chat_only,response_act_only,current_prompt,local_browser,chat_only,4000,1,4000,64.429,63.886,53.117,75.17,89.852,29.075,106.4,0.99525,1.0,0.0,4000,12.332,11.941,9.857,13.91,18.931,7.753,20.062,1.0,1.0,0.0,4000,2206.034,2214.711,2083.246,2329.881,2480.118,1644.69,2729.686,0.0,0.0,0.86925,4000,2258.131,2266.32,2135.689,2382.284,2533.957,1711.095,2779.646,0.0,0.0,0.926,4000,2193.702,2202.882,2070.408,2317.039,2467.481,1632.339,2720.064,0.0,0.0,0.85125,4000,0.0,0.0,0.0,0.0,0.0,0.0,0.0,1.0,1.0,0.0
c052_response_act_only_current_prompt_local_browser_donation_mix,response_act_only,current_prompt,local_browser,donation_mix,4000,1,4000,64.229,63.084,53.46,74.679,89.829,29.839,107.345,0.9945,1.0,0.0,4000,12.437,11.941,9.891,14.109,18.935,7.753,20.062,1.0,1.0,0.0,4000,2209.303,2214.954,2080.723,2336.262,2486.64,1710.647,2736.535,0.0,0.0,0.87775,4000,2261.095,2264.709,2132.752,2391.143,2542.317,1742.614,2812.083,0.0,0.0,0.92525,4000,2196.866,2202.52,2068.013,2324.274,2474.88,1698.296,2723.291,0.0,0.0,0.858,4000,212.805,0.0,0.0,460.559,604.099,0.0,604.099,0.55225,0.915,0.0
c053_response_act_only_current_prompt_capture_stress_chat_only,response_act_only,current_prompt,capture_stress,chat_only,4000,1,4000,183.772,180.507,152.099,213.937,258.571,92.431,288.38,0.002,1.0,0.0,4000,12.244,11.915,9.857,13.244,18.931,7.753,20.062,1.0,1.0,0.0,4000,2208.346,2218.684,2084.8,2334.961,2477.594,1607.389,2802.051,0.0,0.0,0.87325,4000,2379.873,2387.256,2253.409,2509.083,2655.721,1737.347,2984.766,0.0,0.0,0.984,4000,2196.101,2206.597,2073.861,2322.07,2465.151,1593.28,2786.966,0.0,0.0,0.85975,4000,0.0,0.0,0.0,0.0,0.0,0.0,0.0,1.0,1.0,0.0
c054_response_act_only_current_prompt_capture_stress_donation_mix,response_act_only,current_prompt,capture_stress,donation_mix,4000,1,4000,181.466,177.45,151.608,209.647,255.973,89.875,296.794,0.00475,1.0,0.0,4000,12.431,11.941,9.891,14.109,18.931,7.753,20.062,1.0,1.0,0.0,4000,2207.247,2215.818,2081.02,2331.647,2482.908,1638.163,2806.038,0.0,0.0,0.86225,4000,2376.282,2382.234,2247.743,2506.575,2661.91,1824.145,3053.553,0.0,0.0,0.982,4000,2194.816,2203.447,2068.931,2321.399,2469.611,1629.282,2792.128,0.0,0.0,0.84625,4000,219.131,0.0,0.0,460.559,604.099,0.0,604.099,0.53975,0.9075,0.0
c055_response_act_only_expanded_memory_backend_ready_chat_only,response_act_only,expanded_memory,backend_ready,chat_only,4000,1,4000,15.985,15.46,13.457,17.907,22.864,8.24,27.437,1.0,1.0,0.0,4000,12.338,11.915,9.891,13.91,18.931,7.753,20.062,1.0,1.0,0.0,4000,3145.027,3150.494,2983.705,3304.351,3527.017,2412.567,3910.839,0.0,0.0,1.0,4000,3148.674,3154.051,2987.726,3307.417,3531.144,2417.411,3914.075,0.0,0.0,1.0,4000,3132.688,3139.349,2971.336,3291.8,3514.885,2397.892,3895.912,0.0,0.0,1.0,4000,0.0,0.0,0.0,0.0,0.0,0.0,0.0,1.0,1.0,0.0
c056_response_act_only_expanded_memory_backend_ready_donation_mix,response_act_only,expanded_memory,backend_ready,donation_mix,4000,1,4000,16.043,15.545,13.526,18.1,22.76,8.446,27.82,1.0,1.0,0.0,4000,12.363,11.941,9.857,14.109,18.931,7.753,20.062,1.0,1.0,0.0,4000,3134.153,3134.424,2975.463,3296.169,3512.667,2411.06,4127.245,0.0,0.0,1.0,4000,3137.832,3138.406,2978.634,3299.401,3516.167,2411.316,4130.59,0.0,0.0,1.0,4000,3121.789,3122.61,2962.538,3283.579,3501.785,2400.936,4115.813,0.0,0.0,1.0,4000,214.48,0.0,0.0,460.559,604.099,0.0,604.099,0.55025,0.9095,0.0
c057_response_act_only_expanded_memory_local_browser_chat_only,response_act_only,expanded_memory,local_browser,chat_only,4000,1,4000,64.344,63.114,53.218,74.884,90.817,29.223,106.094,0.99325,1.0,0.0,4000,12.32,11.915,9.857,13.91,18.931,7.753,20.062,1.0,1.0,0.0,4000,3137.223,3144.786,2972.561,3301.284,3516.599,2358.077,3910.058,0.0,0.0,1.0,4000,3189.248,3197.594,3025.916,3353.441,3568.288,2401.886,3983.627,0.0,0.0,1.0,4000,3124.903,3132.813,2960.313,3289.639,3503.803,2345.298,3889.996,0.0,0.0,1.0,4000,0.0,0.0,0.0,0.0,0.0,0.0,0.0,1.0,1.0,0.0
c058_response_act_only_expanded_memory_local_browser_donation_mix,response_act_only,expanded_memory,local_browser,donation_mix,4000,1,4000,63.883,62.308,53.012,73.997,90.755,29.383,103.969,0.9965,1.0,0.0,4000,12.397,11.941,9.891,14.109,18.931,7.753,20.062,1.0,1.0,0.0,4000,3141.837,3143.543,2982.22,3303.182,3513.216,2409.833,3967.403,0.0,0.0,1.0,4000,3193.323,3193.683,3033.125,3353.111,3564.653,2461.418,4028.372,0.0,0.0,1.0,4000,3129.44,3130.017,2967.992,3290.884,3500.649,2397.475,3958.912,0.0,0.0,1.0,4000,216.867,0.0,0.0,460.559,604.099,0.0,604.099,0.54625,0.90625,0.0
c059_response_act_only_expanded_memory_capture_stress_chat_only,response_act_only,expanded_memory,capture_stress,chat_only,4000,1,4000,182.888,178.617,151.986,212.654,258.081,90.711,293.841,0.004,1.0,0.0,4000,12.262,11.863,9.857,13.91,18.931,7.753,20.062,1.0,1.0,0.0,4000,3137.211,3141.971,2972.032,3302.793,3522.514,2320.344,3960.264,0.0,0.0,1.0,4000,3307.837,3312.523,3139.353,3473.818,3694.485,2471.053,4196.719,0.0,0.0,1.0,4000,3124.949,3129.323,2960.089,3290.442,3509.627,2307.815,3942.071,0.0,0.0,1.0,4000,0.0,0.0,0.0,0.0,0.0,0.0,0.0,1.0,1.0,0.0
c060_response_act_only_expanded_memory_capture_stress_donation_mix,response_act_only,expanded_memory,capture_stress,donation_mix,4000,1,4000,182.653,178.68,151.791,211.53,257.315,93.905,295.999,0.00275,1.0,0.0,4000,12.408,11.941,9.891,14.109,18.931,7.753,20.062,1.0,1.0,0.0,4000,3145.689,3152.155,2981.251,3309.93,3525.708,2322.112,3914.009,0.0,0.0,1.0,4000,3315.935,3321.292,3150.505,3479.025,3702.633,2517.106,4166.076,0.0,0.0,1.0,4000,3133.282,3139.23,2968.391,3296.568,3512.84,2309.095,3902.094,0.0,0.0,1.0,4000,217.993,0.0,0.0,460.559,604.099,0.0,604.099,0.54325,0.91125,0.0
c061_response_act_only_heavy_context_backend_ready_chat_only,response_act_only,heavy_context,backend_ready,chat_only,4000,1,4000,16.034,15.575,13.452,18.037,23.051,8.198,27.63,1.0,1.0,0.0,4000,12.372,11.941,9.857,14.109,18.931,7.753,20.062,1.0,1.0,0.0,4000,4402.6,4400.491,4185.26,4613.38,4922.401,3399.404,5668.683,0.0,0.0,1.0,4000,4406.263,4405.209,4189.143,4616.528,4927.018,3406.157,5671.82,0.0,0.0,1.0,4000,4390.229,4387.899,4173.649,4600.742,4909.215,3384.807,5659.061,0.0,0.0,1.0,4000,0.0,0.0,0.0,0.0,0.0,0.0,0.0,1.0,1.0,0.0
c062_response_act_only_heavy_context_backend_ready_donation_mix,response_act_only,heavy_context,backend_ready,donation_mix,4000,1,4000,16.003,15.494,13.456,17.939,22.834,8.556,27.71,1.0,1.0,0.0,4000,12.375,11.941,9.891,13.91,18.931,7.753,20.062,1.0,1.0,0.0,4000,4398.902,4403.328,4180.947,4620.368,4924.569,3238.398,5624.458,0.0,0.0,1.0,4000,4402.53,4407.501,4184.633,4624.005,4927.3,3241.75,5629.024,0.0,0.0,1.0,4000,4386.527,4391.779,4168.13,4608.811,4911.363,3227.786,5615.011,0.0,0.0,1.0,4000,212.89,0.0,0.0,460.559,604.099,0.0,604.099,0.554,0.91175,0.0
c063_response_act_only_heavy_context_local_browser_chat_only,response_act_only,heavy_context,local_browser,chat_only,4000,1,4000,64.505,63.126,53.178,75.432,91.348,29.211,107.547,0.9935,1.0,0.0,4000,12.379,11.941,9.857,14.109,18.931,7.753,20.062,1.0,1.0,0.0,4000,4399.383,4400.011,4191.514,4615.264,4923.177,3246.791,5410.096,0.0,0.0,1.0,4000,4451.509,4451.917,4243.766,4668.123,4979.566,3286.328,5470.301,0.0,0.0,1.0,4000,4387.004,4388.56,4178.314,4602.577,4911.538,3238.472,5397.317,0.0,0.0,1.0,4000,0.0,0.0,0.0,0.0,0.0,0.0,0.0,1.0,1.0,0.0
c064_response_act_only_heavy_context_local_browser_donation_mix,response_act_only,heavy_context,local_browser,donation_mix,4000,1,4000,63.545,62.476,52.895,73.399,89.146,30.326,105.629,0.99725,1.0,0.0,4000,12.361,11.941,9.891,13.91,18.931,7.753,20.062,1.0,1.0,0.0,4000,4398.946,4408.056,4191.548,4611.519,4903.315,3302.347,5496.537,0.0,0.0,1.0,4000,4450.13,4457.48,4243.023,4661.937,4959.873,3342.853,5539.733,0.0,0.0,1.0,4000,4386.585,4395.771,4178.118,4599.16,4892.611,3290.051,5486.413,0.0,0.0,1.0,4000,215.502,0.0,0.0,460.559,604.099,0.0,604.099,0.54925,0.9085,0.0
c065_response_act_only_heavy_context_capture_stress_chat_only,response_act_only,heavy_context,capture_stress,chat_only,4000,1,4000,182.075,178.849,151.519,211.444,254.14,91.136,297.909,0.0065,1.0,0.0,4000,12.431,11.941,9.891,14.109,18.931,7.753,20.062,1.0,1.0,0.0,4000,4410.47,4417.141,4196.03,4628.538,4934.678,3349.719,5499.22,0.0,0.0,1.0,4000,4580.114,4586.816,4367.728,4802.128,5104.534,3477.492,5688.693,0.0,0.0,1.0,4000,4398.039,4404.158,4183.218,4615.383,4920.378,3334.872,5491.212,0.0,0.0,1.0,4000,0.0,0.0,0.0,0.0,0.0,0.0,0.0,1.0,1.0,0.0
c066_response_act_only_heavy_context_capture_stress_donation_mix,response_act_only,heavy_context,capture_stress,donation_mix,4000,1,4000,182.195,178.266,150.506,212.1,258.763,92.6,289.368,0.00425,1.0,0.0,4000,12.387,11.941,9.857,14.109,18.931,7.753,20.062,1.0,1.0,0.0,4000,4399.701,4405.624,4179.243,4619.762,4930.446,3311.601,5508.637,0.0,0.0,1.0,4000,4569.509,4572.136,4348.475,4792.319,5096.659,3456.639,5682.88,0.0,0.0,1.0,4000,4387.314,4393.217,4167.203,4607.162,4918.122,3299.858,5489.626,0.0,0.0,1.0,4000,212.714,0.0,0.0,460.559,604.099,0.0,604.099,0.55625,0.905,0.0
c067_response_act_only_stress_context_backend_ready_chat_only,response_act_only,stress_context,backend_ready,chat_only,4000,1,4000,15.977,15.392,13.369,18.096,22.868,8.24,27.266,1.0,1.0,0.0,4000,12.345,11.915,9.857,13.91,18.931,7.753,20.062,1.0,1.0,0.0,4000,5947.075,5951.966,5653.234,6231.248,6648.319,4553.66,7712.957,0.0,0.0,1.0,4000,5950.708,5954.917,5656.806,6234.784,6652.132,4559.218,7720.161,0.0,0.0,1.0,4000,5934.731,5939.24,5640.997,6219.305,6634.461,4544.213,7692.895,0.0,0.0,1.0,4000,0.0,0.0,0.0,0.0,0.0,0.0,0.0,1.0,1.0,0.0
c068_response_act_only_stress_context_backend_ready_donation_mix,response_act_only,stress_context,backend_ready,donation_mix,4000,1,4000,15.982,15.47,13.547,17.853,22.694,7.931,27.146,1.0,1.0,0.0,4000,12.316,11.915,9.857,13.91,18.931,7.753,20.062,1.0,1.0,0.0,4000,5941.703,5949.029,5659.915,6233.232,6642.925,4338.77,7575.115,0.0,0.0,1.0,4000,5945.37,5952.655,5663.984,6236.352,6647.712,4341.782,7578.226,0.0,0.0,1.0,4000,5929.387,5936.425,5646.851,6221.217,6630.594,4327.338,7563.74,0.0,0.0,1.0,4000,214.077,0.0,0.0,460.559,604.099,0.0,604.099,0.55175,0.90925,0.0
c069_response_act_only_stress_context_local_browser_chat_only,response_act_only,stress_context,local_browser,chat_only,4000,1,4000,63.954,62.829,53.081,74.399,89.775,29.674,105.094,0.99525,1.0,0.0,4000,12.434,11.941,9.891,14.109,18.931,7.753,20.062,1.0,1.0,0.0,4000,5952.228,5958.021,5663.449,6237.322,6658.906,4536.515,7649.038,0.0,0.0,1.0,4000,6003.748,6007.405,5715.848,6287.502,6712.328,4563.539,7679.583,0.0,0.0,1.0,4000,5939.794,5945.224,5651.245,6226.116,6648.121,4526.879,7634.441,0.0,0.0,1.0,4000,0.0,0.0,0.0,0.0,0.0,0.0,0.0,1.0,1.0,0.0
c070_response_act_only_stress_context_local_browser_donation_mix,response_act_only,stress_context,local_browser,donation_mix,4000,1,4000,63.975,62.96,53.254,74.314,90.116,27.93,107.48,0.9965,1.0,0.0,4000,12.376,11.941,9.857,14.109,18.931,7.753,20.062,1.0,1.0,0.0,4000,5944.593,5953.019,5649.09,6231.19,6652.612,4513.098,7979.763,0.0,0.0,1.0,4000,5996.192,6003.789,5700.554,6284.91,6702.255,4572.32,8051.658,0.0,0.0,1.0,4000,5932.217,5941.569,5637.583,6218.363,6640.947,4494.905,7966.519,0.0,0.0,1.0,4000,209.299,0.0,0.0,460.559,604.099,0.0,604.099,0.56075,0.91725,0.0
c071_response_act_only_stress_context_capture_stress_chat_only,response_act_only,stress_context,capture_stress,chat_only,4000,1,4000,181.743,178.233,150.084,209.46,258.004,92.71,296.205,0.00425,1.0,0.0,4000,12.318,11.915,9.891,13.91,18.931,7.753,20.062,1.0,1.0,0.0,4000,5941.292,5944.68,5659.08,6222.855,6659.221,4222.297,7985.544,0.0,0.0,1.0,4000,6110.718,6114.478,5830.699,6393.631,6830.506,4446.869,8150.548,0.0,0.0,1.0,4000,5928.975,5931.388,5646.443,6210.727,6645.434,4210.356,7974.794,0.0,0.0,1.0,4000,0.0,0.0,0.0,0.0,0.0,0.0,0.0,1.0,1.0,0.0
c072_response_act_only_stress_context_capture_stress_donation_mix,response_act_only,stress_context,capture_stress,donation_mix,4000,1,4000,183.483,180.582,152.649,213.191,256.661,91.798,290.659,0.006,1.0,0.0,4000,12.369,11.941,9.891,14.109,18.931,7.753,20.062,1.0,1.0,0.0,4000,5942.433,5941.687,5657.881,6225.658,6639.32,4517.285,7461.968,0.0,0.0,1.0,4000,6113.547,6116.442,5824.497,6402.479,6823.435,4722.204,7621.232,0.0,0.0,1.0,4000,5930.064,5928.327,5645.945,6212.957,6625.025,4502.61,7452.111,0.0,0.0,1.0,4000,214.102,0.0,0.0,460.559,604.099,0.0,604.099,0.5505,0.90825,0.0
c073_neutral_random_current_prompt_backend_ready_chat_only,neutral_random,current_prompt,backend_ready,chat_only,4000,1,4000,18.168,18.172,16.499,19.78,21.955,12.406,25.326,1.0,1.0,0.0,4000,14.533,14.579,13.313,15.891,16.915,11.963,18.589,1.0,1.0,0.0,4000,2296.544,2303.276,2177.186,2421.793,2574.948,1718.555,2919.413,0.0,0.0,0.95,4000,2300.179,2307.103,2180.345,2426.091,2578.378,1721.033,2920.447,0.0,0.0,0.95125,4000,2282.011,2289.252,2162.815,2406.93,2560.374,1702.158,2904.666,0.0,0.0,0.941,4000,0.0,0.0,0.0,0.0,0.0,0.0,0.0,1.0,1.0,0.0
c074_neutral_random_current_prompt_backend_ready_donation_mix,neutral_random,current_prompt,backend_ready,donation_mix,4000,1,4000,18.293,18.257,16.66,19.837,22.086,12.25,25.088,1.0,1.0,0.0,4000,14.58,14.623,13.313,15.935,16.915,11.963,18.589,1.0,1.0,0.0,4000,2302.619,2308.82,2186.543,2425.436,2577.149,1714.486,2790.911,0.0,0.0,0.953,4000,2306.333,2312.51,2190.423,2430.077,2581.736,1716.119,2792.886,0.0,0.0,0.9545,4000,2288.04,2294.186,2172.072,2410.642,2561.918,1700.634,2778.301,0.0,0.0,0.94625,4000,201.032,0.0,0.0,431.31,561.6,0.0,561.6,0.559,0.83525,0.0
c075_neutral_random_current_prompt_local_browser_chat_only,neutral_random,current_prompt,local_browser,chat_only,4000,1,4000,66.713,65.506,55.807,76.861,92.191,32.78,105.311,0.99175,1.0,0.0,4000,14.53,14.579,13.293,15.884,16.898,11.963,18.589,1.0,1.0,0.0,4000,2296.0,2302.866,2175.105,2417.792,2575.213,1680.42,2943.911,0.0,0.0,0.95475,4000,2348.184,2354.714,2228.169,2469.881,2627.408,1745.282,2990.713,0.0,0.0,0.975,4000,2281.47,2288.824,2160.469,2403.144,2559.903,1664.77,2931.08,0.0,0.0,0.94625,4000,0.0,0.0,0.0,0.0,0.0,0.0,0.0,1.0,1.0,0.0
c076_neutral_random_current_prompt_local_browser_donation_mix,neutral_random,current_prompt,local_browser,donation_mix,4000,1,4000,66.004,64.632,55.051,76.352,92.184,34.063,104.287,0.99375,1.0,0.0,4000,14.51,14.579,13.308,15.834,16.898,11.963,18.589,1.0,1.0,0.0,4000,2294.441,2301.957,2173.276,2418.389,2573.297,1718.564,2873.767,0.0,0.0,0.95,4000,2345.935,2354.801,2226.551,2470.126,2622.977,1752.341,2934.086,0.0,0.0,0.9705,4000,2279.931,2287.876,2158.343,2403.894,2558.216,1702.127,2861.629,0.0,0.0,0.9395,4000,200.635,0.0,0.0,431.31,561.6,0.0,561.6,0.56075,0.8355,0.0
c077_neutral_random_current_prompt_capture_stress_chat_only,neutral_random,current_prompt,capture_stress,chat_only,4000,1,4000,185.58,181.54,154.944,214.941,259.809,98.336,295.326,0.001,1.0,0.0,4000,14.557,14.598,13.321,15.891,16.915,11.963,18.589,1.0,1.0,0.0,4000,2300.027,2305.302,2182.607,2423.192,2579.206,1633.136,2870.524,0.0,0.0,0.95475,4000,2471.05,2476.664,2349.039,2596.834,2762.902,1806.544,3054.458,0.0,0.0,0.994,4000,2285.47,2290.293,2167.159,2408.621,2564.879,1617.224,2855.226,0.0,0.0,0.9445,4000,0.0,0.0,0.0,0.0,0.0,0.0,0.0,1.0,1.0,0.0
c078_neutral_random_current_prompt_capture_stress_donation_mix,neutral_random,current_prompt,capture_stress,donation_mix,4000,1,4000,185.139,181.129,154.004,214.698,260.196,94.823,295.204,0.00275,1.0,0.0,4000,14.515,14.577,13.319,15.839,16.898,11.963,18.589,1.0,1.0,0.0,4000,2299.137,2303.244,2182.502,2423.578,2579.146,1657.894,2854.35,0.0,0.0,0.954,4000,2469.761,2471.296,2349.711,2595.477,2759.146,1808.797,3056.161,0.0,0.0,0.9945,4000,2284.621,2288.967,2168.587,2408.859,2563.84,1644.468,2840.442,0.0,0.0,0.94275,4000,208.335,0.0,0.0,431.31,561.6,0.0,561.6,0.54525,0.82425,0.0
c079_neutral_random_expanded_memory_backend_ready_chat_only,neutral_random,expanded_memory,backend_ready,chat_only,4000,1,4000,18.193,18.127,16.556,19.663,22.146,12.521,25.999,1.0,1.0,0.0,4000,14.526,14.585,13.308,15.834,16.899,11.963,18.589,1.0,1.0,0.0,4000,3263.905,3269.481,3091.684,3444.424,3663.438,2422.748,4081.683,0.0,0.0,1.0,4000,3267.572,3273.003,3095.062,3448.628,3666.607,2427.0,4086.482,0.0,0.0,1.0,4000,3249.379,3254.876,3076.972,3429.982,3649.29,2409.322,4067.098,0.0,0.0,1.0,4000,0.0,0.0,0.0,0.0,0.0,0.0,0.0,1.0,1.0,0.0
c080_neutral_random_expanded_memory_backend_ready_donation_mix,neutral_random,expanded_memory,backend_ready,donation_mix,4000,1,4000,18.195,18.194,16.549,19.717,22.01,12.38,25.401,1.0,1.0,0.0,4000,14.526,14.593,13.313,15.853,16.896,11.963,18.589,1.0,1.0,0.0,4000,3265.788,3275.715,3091.357,3442.818,3660.201,2417.265,4156.984,0.0,0.0,1.0,4000,3269.456,3279.592,3095.233,3446.487,3663.617,2422.719,4159.413,0.0,0.0,1.0,4000,3251.262,3262.09,3077.245,3429.0,3645.852,2402.958,4144.799,0.0,0.0,1.0,4000,209.855,0.0,0.0,431.31,561.6,0.0,561.6,0.54025,0.833,0.0
c081_neutral_random_expanded_memory_local_browser_chat_only,neutral_random,expanded_memory,local_browser,chat_only,4000,1,4000,65.84,64.411,54.885,76.036,91.065,32.669,105.256,0.99625,1.0,0.0,4000,14.584,14.623,13.331,15.904,16.935,11.963,18.589,1.0,1.0,0.0,4000,3266.278,3278.876,3090.486,3444.589,3667.263,2423.53,4019.541,0.0,0.0,1.0,4000,3317.534,3331.102,3140.034,3496.575,3721.991,2498.656,4067.576,0.0,0.0,1.0,4000,3251.694,3263.974,3075.399,3430.481,3652.501,2408.59,4003.234,0.0,0.0,1.0,4000,0.0,0.0,0.0,0.0,0.0,0.0,0.0,1.0,1.0,0.0
c082_neutral_random_expanded_memory_local_browser_donation_mix,neutral_random,expanded_memory,local_browser,donation_mix,4000,1,4000,65.992,64.672,55.281,76.313,92.582,33.691,106.064,0.993,1.0,0.0,4000,14.568,14.593,13.334,15.904,16.898,11.963,18.589,1.0,1.0,0.0,4000,3264.998,3278.308,3088.381,3444.815,3657.748,2430.704,3978.484,0.0,0.0,1.0,4000,3316.421,3326.993,3139.795,3495.615,3710.699,2488.828,4061.59,0.0,0.0,1.0,4000,3250.43,3263.164,3074.517,3429.922,3643.075,2413.389,3964.066,0.0,0.0,1.0,4000,203.41,0.0,0.0,431.31,561.6,0.0,561.6,0.55475,0.83475,0.0
c083_neutral_random_expanded_memory_capture_stress_chat_only,neutral_random,expanded_memory,capture_stress,chat_only,4000,1,4000,185.086,181.377,153.914,214.36,258.646,94.383,295.873,0.002,1.0,0.0,4000,14.595,14.629,13.331,15.912,16.935,11.963,18.589,1.0,1.0,0.0,4000,3266.316,3274.739,3096.464,3445.2,3671.063,2311.531,4132.887,0.0,0.0,1.0,4000,3436.807,3443.298,3263.559,3617.832,3840.026,2479.996,4334.758,0.0,0.0,1.0,4000,3251.721,3259.635,3081.434,3430.561,3656.338,2296.049,4116.516,0.0,0.0,1.0,4000,0.0,0.0,0.0,0.0,0.0,0.0,0.0,1.0,1.0,0.0
c084_neutral_random_expanded_memory_capture_stress_donation_mix,neutral_random,expanded_memory,capture_stress,donation_mix,4000,1,4000,184.692,180.413,153.619,214.433,258.669,94.816,293.796,0.002,1.0,0.0,4000,14.542,14.598,13.313,15.891,16.898,11.963,18.589,1.0,1.0,0.0,4000,3267.27,3270.361,3091.038,3446.294,3667.446,2204.201,4072.142,0.0,0.0,1.0,4000,3437.42,3443.953,3260.44,3616.831,3838.246,2354.484,4326.176,0.0,0.0,1.0,4000,3252.728,3255.645,3076.147,3431.707,3651.162,2187.32,4059.261,0.0,0.0,1.0,4000,202.52,0.0,0.0,431.31,561.6,0.0,561.6,0.555,0.83875,0.0
c085_neutral_random_heavy_context_backend_ready_chat_only,neutral_random,heavy_context,backend_ready,chat_only,4000,1,4000,18.226,18.179,16.566,19.866,21.954,12.535,25.313,1.0,1.0,0.0,4000,14.577,14.598,13.331,15.891,16.935,11.963,18.589,1.0,1.0,0.0,4000,4577.702,4595.604,4331.529,4830.392,5136.313,3348.442,5775.327,0.0,0.0,1.0,4000,4581.351,4598.953,4336.028,4834.468,5139.529,3349.747,5779.342,0.0,0.0,1.0,4000,4563.125,4581.14,4317.011,4815.69,5122.788,3334.617,5760.75,0.0,0.0,1.0,4000,0.0,0.0,0.0,0.0,0.0,0.0,0.0,1.0,1.0,0.0
c086_neutral_random_heavy_context_backend_ready_donation_mix,neutral_random,heavy_context,backend_ready,donation_mix,4000,1,4000,18.185,18.162,16.573,19.706,22.049,12.299,25.162,1.0,1.0,0.0,4000,14.521,14.589,13.321,15.789,16.896,11.963,18.589,1.0,1.0,0.0,4000,4569.114,4582.16,4317.082,4828.888,5142.026,3378.397,5689.766,0.0,0.0,1.0,4000,4572.779,4586.691,4320.488,4832.683,5144.481,3384.196,5693.907,0.0,0.0,1.0,4000,4554.593,4567.579,4302.331,4814.119,5125.664,3366.169,5677.117,0.0,0.0,1.0,4000,205.266,0.0,0.0,431.31,561.6,0.0,561.6,0.55125,0.83425,0.0
c087_neutral_random_heavy_context_local_browser_chat_only,neutral_random,heavy_context,local_browser,chat_only,4000,1,4000,66.23,64.862,55.332,76.407,92.139,33.021,104.227,0.992,1.0,0.0,4000,14.588,14.616,13.344,15.894,16.898,11.963,18.589,1.0,1.0,0.0,4000,4571.948,4586.736,4322.215,4829.366,5126.931,3511.441,5902.373,0.0,0.0,1.0,4000,4623.59,4637.909,4370.906,4882.87,5179.669,3578.738,5966.692,0.0,0.0,1.0,4000,4557.36,4573.231,4308.224,4815.3,5111.968,3496.818,5887.948,0.0,0.0,1.0,4000,0.0,0.0,0.0,0.0,0.0,0.0,0.0,1.0,1.0,0.0
c088_neutral_random_heavy_context_local_browser_donation_mix,neutral_random,heavy_context,local_browser,donation_mix,4000,1,4000,66.05,65.037,55.383,75.993,91.44,32.649,106.479,0.9935,1.0,0.0,4000,14.553,14.598,13.321,15.891,16.898,11.963,18.589,1.0,1.0,0.0,4000,4566.385,4582.545,4323.534,4815.371,5125.497,3465.163,5831.856,0.0,0.0,1.0,4000,4617.883,4635.541,4371.484,4868.395,5173.183,3527.555,5887.12,0.0,0.0,1.0,4000,4551.832,4567.876,4307.937,4800.841,5110.642,3451.402,5817.962,0.0,0.0,1.0,4000,209.87,0.0,0.0,431.31,561.6,0.0,561.6,0.543,0.82425,0.0
c089_neutral_random_heavy_context_capture_stress_chat_only,neutral_random,heavy_context,capture_stress,chat_only,4000,1,4000,184.822,180.587,154.127,214.35,259.108,97.111,292.908,0.003,1.0,0.0,4000,14.581,14.589,13.334,15.935,16.915,11.963,18.589,1.0,1.0,0.0,4000,4560.832,4579.693,4312.642,4815.688,5127.668,3434.966,5625.838,0.0,0.0,1.0,4000,4731.073,4749.103,4480.548,4986.485,5305.082,3626.645,5840.729,0.0,0.0,1.0,4000,4546.251,4564.632,4297.832,4801.165,5112.771,3420.002,5611.253,0.0,0.0,1.0,4000,0.0,0.0,0.0,0.0,0.0,0.0,0.0,1.0,1.0,0.0
c090_neutral_random_heavy_context_capture_stress_donation_mix,neutral_random,heavy_context,capture_stress,donation_mix,4000,1,4000,184.354,181.463,152.673,214.019,258.325,95.996,291.587,0.00275,1.0,0.0,4000,14.564,14.607,13.313,15.904,16.915,11.963,18.589,1.0,1.0,0.0,4000,4554.055,4568.148,4302.154,4811.266,5118.861,3299.296,5798.331,0.0,0.0,1.0,4000,4723.844,4741.139,4473.863,4978.298,5289.647,3472.115,5934.01,0.0,0.0,1.0,4000,4539.491,4554.103,4287.229,4795.595,5104.067,3286.297,5783.348,0.0,0.0,1.0,4000,201.988,0.0,0.0,431.31,561.6,0.0,561.6,0.55825,0.83525,0.0
c091_neutral_random_stress_context_backend_ready_chat_only,neutral_random,stress_context,backend_ready,chat_only,4000,1,4000,18.25,18.189,16.682,19.76,22.136,12.236,25.351,1.0,1.0,0.0,4000,14.6,14.649,13.368,15.884,16.915,11.963,18.589,1.0,1.0,0.0,4000,6176.326,6192.846,5832.233,6534.709,6957.578,4517.227,7632.24,0.0,0.0,1.0,4000,6179.975,6195.973,5835.899,6538.836,6959.585,4519.76,7637.288,0.0,0.0,1.0,4000,6161.725,6178.077,5818.039,6521.115,6940.818,4502.985,7617.587,0.0,0.0,1.0,4000,0.0,0.0,0.0,0.0,0.0,0.0,0.0,1.0,1.0,0.0
c092_neutral_random_stress_context_backend_ready_donation_mix,neutral_random,stress_context,backend_ready,donation_mix,4000,1,4000,18.266,18.233,16.675,19.772,22.046,12.332,25.658,1.0,1.0,0.0,4000,14.599,14.623,13.344,15.912,16.915,11.963,18.589,1.0,1.0,0.0,4000,6160.258,6174.929,5808.611,6506.692,6949.395,4586.784,7792.374,0.0,0.0,1.0,4000,6163.925,6178.024,5811.418,6510.168,6954.027,4590.758,7796.04,0.0,0.0,1.0,4000,6145.659,6160.436,5793.821,6491.616,6936.126,4572.825,7778.549,0.0,0.0,1.0,4000,207.456,0.0,0.0,431.31,561.6,0.0,561.6,0.5475,0.826,0.0
c093_neutral_random_stress_context_local_browser_chat_only,neutral_random,stress_context,local_browser,chat_only,4000,1,4000,66.618,65.332,56.028,77.056,92.465,33.326,105.086,0.9915,1.0,0.0,4000,14.556,14.616,13.334,15.884,16.898,11.963,18.589,1.0,1.0,0.0,4000,6161.575,6188.533,5817.94,6510.966,6938.537,4647.417,7584.167,0.0,0.0,1.0,4000,6213.638,6242.885,5870.682,6562.381,6989.802,4693.756,7651.467,0.0,0.0,1.0,4000,6147.02,6173.902,5803.452,6497.223,6923.486,4633.489,7571.433,0.0,0.0,1.0,4000,0.0,0.0,0.0,0.0,0.0,0.0,0.0,1.0,1.0,0.0
c094_neutral_random_stress_context_local_browser_donation_mix,neutral_random,stress_context,local_browser,donation_mix,4000,1,4000,65.882,64.473,55.372,75.964,91.802,33.489,105.489,0.99375,1.0,0.0,4000,14.59,14.623,13.344,15.935,16.915,11.963,18.589,1.0,1.0,0.0,4000,6162.381,6177.483,5813.325,6517.575,6937.175,4528.814,7495.679,0.0,0.0,1.0,4000,6213.674,6225.888,5862.386,6566.789,6988.964,4587.819,7543.485,0.0,0.0,1.0,4000,6147.792,6163.271,5799.808,6502.558,6923.096,4514.989,7482.829,0.0,0.0,1.0,4000,198.525,0.0,0.0,431.31,561.6,0.0,561.6,0.56525,0.8385,0.0
c095_neutral_random_stress_context_capture_stress_chat_only,neutral_random,stress_context,capture_stress,chat_only,4000,1,4000,185.932,182.443,155.392,214.324,259.305,94.559,295.161,0.002,1.0,0.0,4000,14.59,14.629,13.331,15.935,16.899,11.963,18.589,1.0,1.0,0.0,4000,6169.379,6190.978,5828.182,6515.864,6949.24,4477.099,7863.495,0.0,0.0,1.0,4000,6340.721,6364.57,6000.402,6684.499,7115.457,4634.079,8011.712,0.0,0.0,1.0,4000,6154.789,6175.516,5813.782,6500.725,6936.578,4460.399,7846.949,0.0,0.0,1.0,4000,0.0,0.0,0.0,0.0,0.0,0.0,0.0,1.0,1.0,0.0
c096_neutral_random_stress_context_capture_stress_donation_mix,neutral_random,stress_context,capture_stress,donation_mix,4000,1,4000,184.373,180.276,153.549,213.709,257.491,92.438,294.9,0.00325,1.0,0.0,4000,14.555,14.593,13.328,15.891,16.898,11.963,18.589,1.0,1.0,0.0,4000,6169.573,6194.765,5842.85,6517.979,6919.538,4612.257,7521.496,0.0,0.0,1.0,4000,6339.391,6362.317,6010.952,6689.131,7091.15,4834.328,7732.699,0.0,0.0,1.0,4000,6155.018,6180.767,5827.882,6503.32,6905.111,4600.127,7509.319,0.0,0.0,1.0,4000,205.023,0.0,0.0,431.31,520.23,0.0,561.6,0.5495,0.841,0.0
c097_slowtrack_only_current_prompt_backend_ready_chat_only,slowtrack_only,current_prompt,backend_ready,chat_only,4000,0,4000,2271.621,2285.765,2166.635,2391.636,2523.564,1697.596,2753.89,0.0,0.0,0.93025,4000,0.0,0.0,0.0,0.0,0.0,0.0,0.0,1.0,1.0,0.0,4000,2267.91,2282.37,2162.321,2388.544,2519.644,1694.209,2752.718,0.0,0.0,0.928,4000,2271.621,2285.765,2166.635,2391.636,2523.564,1697.596,2753.89,0.0,0.0,0.93025,4000,0.0,0.0,0.0,0.0,0.0,0.0,0.0,1.0,1.0,0.0,4000,0.0,0.0,0.0,0.0,0.0,0.0,0.0,1.0,1.0,0.0
c098_slowtrack_only_current_prompt_backend_ready_donation_mix,slowtrack_only,current_prompt,backend_ready,donation_mix,4000,0,4000,2270.153,2284.519,2169.984,2384.715,2521.343,1622.397,2736.487,0.0,0.0,0.92975,4000,0.0,0.0,0.0,0.0,0.0,0.0,0.0,1.0,1.0,0.0,4000,2266.493,2281.154,2166.364,2381.162,2517.564,1619.141,2732.468,0.0,0.0,0.927,4000,2270.153,2284.519,2169.984,2384.715,2521.343,1622.397,2736.487,0.0,0.0,0.92975,4000,0.0,0.0,0.0,0.0,0.0,0.0,0.0,1.0,1.0,0.0,4000,210.191,0.0,0.0,450.988,520.281,0.0,520.281,0.54775,0.9345,0.0
c099_slowtrack_only_current_prompt_local_browser_chat_only,slowtrack_only,current_prompt,local_browser,chat_only,4000,0,4000,2315.072,2331.792,2203.755,2435.147,2568.37,1710.193,2863.522,0.0,0.0,0.95625,4000,0.0,0.0,0.0,0.0,0.0,0.0,0.0,1.0,1.0,0.0,4000,2263.015,2280.381,2155.638,2381.752,2515.776,1655.941,2788.536,0.0,0.0,0.9255,4000,2315.072,2331.792,2203.755,2435.147,2568.37,1710.193,2863.522,0.0,0.0,0.95625,4000,0.0,0.0,0.0,0.0,0.0,0.0,0.0,1.0,1.0,0.0,4000,0.0,0.0,0.0,0.0,0.0,0.0,0.0,1.0,1.0,0.0
c100_slowtrack_only_current_prompt_local_browser_donation_mix,slowtrack_only,current_prompt,local_browser,donation_mix,4000,0,4000,2313.081,2330.556,2202.677,2434.745,2569.2,1722.057,2925.199,0.0,0.0,0.9525,4000,0.0,0.0,0.0,0.0,0.0,0.0,0.0,1.0,1.0,0.0,4000,2261.388,2278.805,2151.939,2382.645,2520.569,1656.076,2860.824,0.0,0.0,0.9215,4000,2313.081,2330.556,2202.677,2434.745,2569.2,1722.057,2925.199,0.0,0.0,0.9525,4000,0.0,0.0,0.0,0.0,0.0,0.0,0.0,1.0,1.0,0.0,4000,209.287,0.0,0.0,468.172,520.281,0.0,520.281,0.55,0.93675,0.0
c101_slowtrack_only_current_prompt_capture_stress_chat_only,slowtrack_only,current_prompt,capture_stress,chat_only,4000,0,4000,2437.92,2454.86,2326.164,2556.244,2699.629,1816.12,2912.911,0.0,0.0,0.99175,4000,0.0,0.0,0.0,0.0,0.0,0.0,0.0,1.0,1.0,0.0,4000,2267.821,2282.269,2160.306,2386.189,2518.834,1653.573,2723.526,0.0,0.0,0.9295,4000,2437.92,2454.86,2326.164,2556.244,2699.629,1816.12,2912.911,0.0,0.0,0.99175,4000,0.0,0.0,0.0,0.0,0.0,0.0,0.0,1.0,1.0,0.0,4000,0.0,0.0,0.0,0.0,0.0,0.0,0.0,1.0,1.0,0.0
c102_slowtrack_only_current_prompt_capture_stress_donation_mix,slowtrack_only,current_prompt,capture_stress,donation_mix,4000,0,4000,2435.463,2451.64,2323.203,2557.117,2701.916,1804.244,2982.497,0.0,0.0,0.99,4000,0.0,0.0,0.0,0.0,0.0,0.0,0.0,1.0,1.0,0.0,4000,2265.057,2280.693,2156.714,2383.244,2517.152,1669.254,2788.165,0.0,0.0,0.9285,4000,2435.463,2451.64,2323.203,2557.117,2701.916,1804.244,2982.497,0.0,0.0,0.99,4000,0.0,0.0,0.0,0.0,0.0,0.0,0.0,1.0,1.0,0.0,4000,208.751,0.0,0.0,468.172,520.281,0.0,520.281,0.55275,0.93575,0.0
c103_slowtrack_only_expanded_memory_backend_ready_chat_only,slowtrack_only,expanded_memory,backend_ready,chat_only,4000,0,4000,3234.483,3247.739,3082.963,3394.282,3600.806,2184.838,3942.856,0.0,0.0,1.0,4000,0.0,0.0,0.0,0.0,0.0,0.0,0.0,1.0,1.0,0.0,4000,3230.774,3244.126,3080.056,3390.668,3596.955,2182.149,3937.643,0.0,0.0,1.0,4000,3234.483,3247.739,3082.963,3394.282,3600.806,2184.838,3942.856,0.0,0.0,1.0,4000,0.0,0.0,0.0,0.0,0.0,0.0,0.0,1.0,1.0,0.0,4000,0.0,0.0,0.0,0.0,0.0,0.0,0.0,1.0,1.0,0.0
c104_slowtrack_only_expanded_memory_backend_ready_donation_mix,slowtrack_only,expanded_memory,backend_ready,donation_mix,4000,0,4000,3240.273,3250.087,3089.655,3401.459,3616.76,2364.638,3961.596,0.0,0.0,1.0,4000,0.0,0.0,0.0,0.0,0.0,0.0,0.0,1.0,1.0,0.0,4000,3236.578,3246.551,3086.182,3397.85,3611.65,2359.76,3959.058,0.0,0.0,1.0,4000,3240.273,3250.087,3089.655,3401.459,3616.76,2364.638,3961.596,0.0,0.0,1.0,4000,0.0,0.0,0.0,0.0,0.0,0.0,0.0,1.0,1.0,0.0,4000,215.387,0.0,0.0,468.172,520.281,0.0,520.281,0.53775,0.934,0.0
c105_slowtrack_only_expanded_memory_local_browser_chat_only,slowtrack_only,expanded_memory,local_browser,chat_only,4000,0,4000,3289.199,3302.423,3141.44,3450.487,3652.02,2494.568,4046.14,0.0,0.0,1.0,4000,0.0,0.0,0.0,0.0,0.0,0.0,0.0,1.0,1.0,0.0,4000,3237.448,3251.232,3088.21,3398.132,3598.041,2435.907,3986.59,0.0,0.0,1.0,4000,3289.199,3302.423,3141.44,3450.487,3652.02,2494.568,4046.14,0.0,0.0,1.0,4000,0.0,0.0,0.0,0.0,0.0,0.0,0.0,1.0,1.0,0.0,4000,0.0,0.0,0.0,0.0,0.0,0.0,0.0,1.0,1.0,0.0
c106_slowtrack_only_expanded_memory_local_browser_donation_mix,slowtrack_only,expanded_memory,local_browser,donation_mix,4000,0,4000,3278.696,3286.181,3124.154,3440.186,3647.731,2380.11,4025.236,0.0,0.0,1.0,4000,0.0,0.0,0.0,0.0,0.0,0.0,0.0,1.0,1.0,0.0,4000,3227.157,3236.16,3072.79,3387.211,3597.579,2321.529,3965.91,0.0,0.0,1.0,4000,3278.696,3286.181,3124.154,3440.186,3647.731,2380.11,4025.236,0.0,0.0,1.0,4000,0.0,0.0,0.0,0.0,0.0,0.0,0.0,1.0,1.0,0.0,4000,205.235,0.0,0.0,450.988,520.281,0.0,520.281,0.55925,0.93475,0.0
c107_slowtrack_only_expanded_memory_capture_stress_chat_only,slowtrack_only,expanded_memory,capture_stress,chat_only,4000,0,4000,3404.819,3409.896,3256.408,3568.671,3772.392,2530.728,4291.994,0.0,0.0,1.0,4000,0.0,0.0,0.0,0.0,0.0,0.0,0.0,1.0,1.0,0.0,4000,3235.138,3241.127,3090.435,3394.885,3601.851,2359.022,4048.743,0.0,0.0,1.0,4000,3404.819,3409.896,3256.408,3568.671,3772.392,2530.728,4291.994,0.0,0.0,1.0,4000,0.0,0.0,0.0,0.0,0.0,0.0,0.0,1.0,1.0,0.0,4000,0.0,0.0,0.0,0.0,0.0,0.0,0.0,1.0,1.0,0.0
c108_slowtrack_only_expanded_memory_capture_stress_donation_mix,slowtrack_only,expanded_memory,capture_stress,donation_mix,4000,0,4000,3398.846,3407.684,3248.28,3565.159,3767.409,2512.865,4184.912,0.0,0.0,1.0,4000,0.0,0.0,0.0,0.0,0.0,0.0,0.0,1.0,1.0,0.0,4000,3228.467,3237.216,3082.585,3388.792,3591.728,2311.737,3957.999,0.0,0.0,1.0,4000,3398.846,3407.684,3248.28,3565.159,3767.409,2512.865,4184.912,0.0,0.0,1.0,4000,0.0,0.0,0.0,0.0,0.0,0.0,0.0,1.0,1.0,0.0,4000,215.557,0.0,0.0,468.172,520.281,0.0,520.281,0.53725,0.9355,0.0
c109_slowtrack_only_heavy_context_backend_ready_chat_only,slowtrack_only,heavy_context,backend_ready,chat_only,4000,0,4000,4537.43,4546.799,4320.272,4763.532,5057.267,3299.979,5735.156,0.0,0.0,1.0,4000,0.0,0.0,0.0,0.0,0.0,0.0,0.0,1.0,1.0,0.0,4000,4533.782,4542.927,4317.032,4760.0,5053.398,3297.418,5729.773,0.0,0.0,1.0,4000,4537.43,4546.799,4320.272,4763.532,5057.267,3299.979,5735.156,0.0,0.0,1.0,4000,0.0,0.0,0.0,0.0,0.0,0.0,0.0,1.0,1.0,0.0,4000,0.0,0.0,0.0,0.0,0.0,0.0,0.0,1.0,1.0,0.0
c110_slowtrack_only_heavy_context_backend_ready_donation_mix,slowtrack_only,heavy_context,backend_ready,donation_mix,4000,0,4000,4531.416,4552.217,4322.048,4751.426,5044.977,3298.432,5551.668,0.0,0.0,1.0,4000,0.0,0.0,0.0,0.0,0.0,0.0,0.0,1.0,1.0,0.0,4000,4527.749,4548.39,4318.719,4747.322,5040.8,3291.377,5549.819,0.0,0.0,1.0,4000,4531.416,4552.217,4322.048,4751.426,5044.977,3298.432,5551.668,0.0,0.0,1.0,4000,0.0,0.0,0.0,0.0,0.0,0.0,0.0,1.0,1.0,0.0,4000,209.92,0.0,0.0,468.172,520.281,0.0,520.281,0.55025,0.92975,0.0
c111_slowtrack_only_heavy_context_local_browser_chat_only,slowtrack_only,heavy_context,local_browser,chat_only,4000,0,4000,4586.037,4600.886,4372.306,4818.205,5093.653,3416.531,5564.93,0.0,0.0,1.0,4000,0.0,0.0,0.0,0.0,0.0,0.0,0.0,1.0,1.0,0.0,4000,4534.426,4549.557,4318.294,4767.904,5042.714,3372.583,5508.712,0.0,0.0,1.0,4000,4586.037,4600.886,4372.306,4818.205,5093.653,3416.531,5564.93,0.0,0.0,1.0,4000,0.0,0.0,0.0,0.0,0.0,0.0,0.0,1.0,1.0,0.0,4000,0.0,0.0,0.0,0.0,0.0,0.0,0.0,1.0,1.0,0.0
c112_slowtrack_only_heavy_context_local_browser_donation_mix,slowtrack_only,heavy_context,local_browser,donation_mix,4000,0,4000,4579.261,4597.681,4367.327,4800.671,5089.539,3339.283,5553.105,0.0,0.0,1.0,4000,0.0,0.0,0.0,0.0,0.0,0.0,0.0,1.0,1.0,0.0,4000,4527.768,4544.952,4311.801,4748.045,5037.826,3285.661,5508.44,0.0,0.0,1.0,4000,4579.261,4597.681,4367.327,4800.671,5089.539,3339.283,5553.105,0.0,0.0,1.0,4000,0.0,0.0,0.0,0.0,0.0,0.0,0.0,1.0,1.0,0.0,4000,212.027,0.0,0.0,468.172,520.281,0.0,520.281,0.545,0.9345,0.0
c113_slowtrack_only_heavy_context_capture_stress_chat_only,slowtrack_only,heavy_context,capture_stress,chat_only,4000,0,4000,4704.472,4715.337,4491.793,4929.453,5212.636,3452.859,5784.68,0.0,0.0,1.0,4000,0.0,0.0,0.0,0.0,0.0,0.0,0.0,1.0,1.0,0.0,4000,4533.837,4548.081,4323.52,4759.322,5042.812,3360.492,5630.947,0.0,0.0,1.0,4000,4704.472,4715.337,4491.793,4929.453,5212.636,3452.859,5784.68,0.0,0.0,1.0,4000,0.0,0.0,0.0,0.0,0.0,0.0,0.0,1.0,1.0,0.0,4000,0.0,0.0,0.0,0.0,0.0,0.0,0.0,1.0,1.0,0.0
c114_slowtrack_only_heavy_context_capture_stress_donation_mix,slowtrack_only,heavy_context,capture_stress,donation_mix,4000,0,4000,4708.818,4723.851,4499.479,4926.994,5222.396,3391.394,5859.561,0.0,0.0,1.0,4000,0.0,0.0,0.0,0.0,0.0,0.0,0.0,1.0,1.0,0.0,4000,4538.172,4552.443,4325.554,4758.732,5047.074,3286.033,5720.778,0.0,0.0,1.0,4000,4708.818,4723.851,4499.479,4926.994,5222.396,3391.394,5859.561,0.0,0.0,1.0,4000,0.0,0.0,0.0,0.0,0.0,0.0,0.0,1.0,1.0,0.0,4000,205.282,0.0,0.0,468.172,520.281,0.0,520.281,0.5595,0.936,0.0
c115_slowtrack_only_stress_context_backend_ready_chat_only,slowtrack_only,stress_context,backend_ready,chat_only,4000,0,4000,6139.116,6155.699,5827.465,6463.373,6865.401,4381.165,7807.964,0.0,0.0,1.0,4000,0.0,0.0,0.0,0.0,0.0,0.0,0.0,1.0,1.0,0.0,4000,6135.42,6151.37,5824.364,6460.357,6861.179,4379.127,7802.112,0.0,0.0,1.0,4000,6139.116,6155.699,5827.465,6463.373,6865.401,4381.165,7807.964,0.0,0.0,1.0,4000,0.0,0.0,0.0,0.0,0.0,0.0,0.0,1.0,1.0,0.0,4000,0.0,0.0,0.0,0.0,0.0,0.0,0.0,1.0,1.0,0.0
c116_slowtrack_only_stress_context_backend_ready_donation_mix,slowtrack_only,stress_context,backend_ready,donation_mix,4000,0,4000,6144.478,6152.077,5853.268,6457.742,6861.249,4350.722,7457.615,0.0,0.0,1.0,4000,0.0,0.0,0.0,0.0,0.0,0.0,0.0,1.0,1.0,0.0,4000,6140.81,6149.438,5850.5,6453.031,6858.183,4347.806,7455.725,0.0,0.0,1.0,4000,6144.478,6152.077,5853.268,6457.742,6861.249,4350.722,7457.615,0.0,0.0,1.0,4000,0.0,0.0,0.0,0.0,0.0,0.0,0.0,1.0,1.0,0.0,4000,211.675,0.0,0.0,468.172,520.281,0.0,520.281,0.5465,0.93075,0.0
c117_slowtrack_only_stress_context_local_browser_chat_only,slowtrack_only,stress_context,local_browser,chat_only,4000,0,4000,6197.969,6207.137,5906.721,6502.239,6917.801,4475.212,7652.977,0.0,0.0,1.0,4000,0.0,0.0,0.0,0.0,0.0,0.0,0.0,1.0,1.0,0.0,4000,6146.271,6156.003,5858.787,6449.692,6867.24,4410.332,7604.484,0.0,0.0,1.0,4000,6197.969,6207.137,5906.721,6502.239,6917.801,4475.212,7652.977,0.0,0.0,1.0,4000,0.0,0.0,0.0,0.0,0.0,0.0,0.0,1.0,1.0,0.0,4000,0.0,0.0,0.0,0.0,0.0,0.0,0.0,1.0,1.0,0.0
c118_slowtrack_only_stress_context_local_browser_donation_mix,slowtrack_only,stress_context,local_browser,donation_mix,4000,0,4000,6181.838,6198.015,5884.841,6492.823,6890.015,4544.633,7711.728,0.0,0.0,1.0,4000,0.0,0.0,0.0,0.0,0.0,0.0,0.0,1.0,1.0,0.0,4000,6130.406,6145.773,5835.374,6439.931,6833.336,4497.585,7663.1,0.0,0.0,1.0,4000,6181.838,6198.015,5884.841,6492.823,6890.015,4544.633,7711.728,0.0,0.0,1.0,4000,0.0,0.0,0.0,0.0,0.0,0.0,0.0,1.0,1.0,0.0,4000,203.846,0.0,0.0,468.172,520.281,0.0,520.281,0.562,0.9415,0.0
c119_slowtrack_only_stress_context_capture_stress_chat_only,slowtrack_only,stress_context,capture_stress,chat_only,4000,0,4000,6295.434,6310.665,6000.068,6596.822,7017.971,4843.891,7844.545,0.0,0.0,1.0,4000,0.0,0.0,0.0,0.0,0.0,0.0,0.0,1.0,1.0,0.0,4000,6125.332,6143.454,5828.243,6429.012,6845.651,4670.942,7627.696,0.0,0.0,1.0,4000,6295.434,6310.665,6000.068,6596.822,7017.971,4843.891,7844.545,0.0,0.0,1.0,4000,0.0,0.0,0.0,0.0,0.0,0.0,0.0,1.0,1.0,0.0,4000,0.0,0.0,0.0,0.0,0.0,0.0,0.0,1.0,1.0,0.0
c120_slowtrack_only_stress_context_capture_stress_donation_mix,slowtrack_only,stress_context,capture_stress,donation_mix,4000,0,4000,6310.127,6318.747,6025.604,6611.226,7011.072,4693.073,7700.292,0.0,0.0,1.0,4000,0.0,0.0,0.0,0.0,0.0,0.0,0.0,1.0,1.0,0.0,4000,6140.576,6152.995,5858.651,6430.103,6836.824,4525.92,7531.601,0.0,0.0,1.0,4000,6310.127,6318.747,6025.604,6611.226,7011.072,4693.073,7700.292,0.0,0.0,1.0,4000,0.0,0.0,0.0,0.0,0.0,0.0,0.0,1.0,1.0,0.0,4000,206.49,0.0,0.0,468.172,520.281,0.0,520.281,0.558,0.9295,0.0
